source,reference,fine_tuned,original
A report was also made on the practical steps taken to widely use the digital system and improve the professionalism of the employees of the prosecutor’s office.,Şeýle hem sanly ulgamy giňden ulanmak we prokuratura edaralarynyň işgärleriniň hünär derejelerini ýokarlandyrmak maksady bilen görülýän çäreler barada aýdyldy.,Şeýle-de numerik sistemany giňişleýin ulanmak we prokuraturanyň işçileriniň peşgeşligini kämilleşdirmek üçin alnyp barylýan pratik ädimler barada hasabat berildi.,"Şeýle-de, sanly sistemany giňden ulanmak we prokurorlyk işgärleriniň peşgeşliginiň ösüşi üçin alnyp barylýan nädogry ädimler barada hasabat berildi."
The plan for the production of carpet items by the Türkmenhaly State Association was fulfilled at the level of 102.3 per cent.,"“Türkmenhaly” döwlet birleşigi boýunça haly önümlerini öndürmegiň meýilnamasy 102,3 göterim ýerine ýetirildi.",Türkmenhaly Devlet Assotsiatsiýasynyň ýapykma esbaplary satyn almak üçin plany 102.3 sany sany adam bilen amala aşyryldy.,"Türkmenhaly döwlet jemgyýetiniň gulçulyk esbaplary üçin plany 102,3%-da amala aşyryldy."
We are also ready to work with European partners in the field of hydrogen energy and the use of renewable energy sources.,"Biz wodorod energetikasy, energiýanyň gaýtadan dikeldilýän çeşmelerini peýdalanmak boýunça hem ýewropaly hyzmatdaşlar bilen işleşmäge taýýardyrys.",Şeýle-de suwuz energiýasy we täzeden üpjün edilýän energiýadan peýdalanmak babatda Ýewropanyň ýoldaşlary bilen işleşmäge taýyndyrys.,Şeýle-de biz ýuwuz enerjisi we täzelenýän energiýa esbaplary tarapyndaky Ýewropaly ýoldaşlar bilen işleşmäge taýyndyrys.
"As is known, diplomatic relations between the two countries were established in 1992.","Mälim bolşy ýaly, iki ýurduň arasynda diplomatik gatnaşyklar 1992-nji ýylda ýola goýuldy.","Bilşimiz ýaly, iki ýurduň arasynda diplomatik baglanyşygy 1992-nji ýylda guruldy.","Görşümiz ýaly, iki ýurduň arasynda 1992-nji ýylda diplomatik gatnaşyklar guruldy."
I will give another specific example: the Galkynyş field ranks first in the world in terms of gas resources.,Men ýene-de bir anyk mysaly getireýin: Türkmenistandaky «Galkynyş» käni gazyň möçberi boýunça dünýäde birinji orunda durýar.,Men ýene bir aýratyn mysal getirip bilerin: Galkynyş ýeri gaz baýlyklary babatda dünýäde birinji orunda gowuşýar.,Men ýene bir aýratyn mysal getiriň: Galkynyş meýdany gaz resurslary babatda dünýäde birinji orunda.
"Addressing the participants of the sitting, the head of state said that in order to successfully implement the Programme of the President of Turkmenistan of the Socioeconomic Development of the Country in 2022–2028, a draft Programme of the Socioeconomic Development of the Country and Investments in 2025 had been developed.","Hormatly Prezidentimiz mejlise gatnaşyjylara ýüzlenip, “Türkmenistanyň Prezidentiniň ýurdumyzy 2022 — 2028-nji ýyllarda durmuş-ykdysady taýdan ösdürmegiň Maksatnamasyny” üstünlikli durmuşa geçirmek maksady bilen, 2025-nji ýylda ýurdumyzy durmuş-ykdysady taýdan ösdürmegiň we maýa goýum Maksatnamasynyň taslamasynyň işlenip taýýarlanylandygyny belledi.","Döwlet başlygy oturyşyga gatnaşyp, Türkmenistanyň Prezidentiniň 20222028-nji ýyllarda ýurduň içi-iqtisadi taýdan ösüşi Programyny üstünlikli amala aşyrmak üçin ýurduň içi-iqtisadi ösüşi we 2025-nji ýylda investitsiyalar Programynyň ýarygy taýýarlandygyny aýtdy.","Daşary ýurt başlygy oturyşyga seslenende, Türkmenistanyň Prezidentiniň 2022-2028-nji ýyllarda ýurduň içi-iç-iç-iç-iç-iç-iç-iç-iç programyny üstünlikli amala aşyrmak üçin 2025-nji ýylda ýurduň içi-iç-iç-iç-iç-iç-iç-iç-iç-iç-iç-iç-iç-iç-iç-iç-iç-iç-i"
"Along with this, preparations are underway for the spring sowing of cotton and food crops.","Bu işler bilen bir hatarda, gowaçanyň we azyklyk ekinleriniň ýazky ekişine taýýarlyk görülýär.",Şeýle - de pamuk we iýmit ekinleriniň bahar ekilmegine taýýarlyk görilýär.,Şeýle-de pamuk we iýmit ösümlikleriniň bahar ekilmegi üçin taýýarlyklar edilýär.
"Interparliamentary contacts, which are an integral part of the interstate dialogue, are also strengthening.","Şunuň bilen birlikde, döwletara dialogyň aýrylmaz bölegi hökmünde çykyş edýän parlamentara gatnaşyklar hem pugtalandyrylýar.",Daşary döwletler arasyndaky gürrüňdeşligiň aýratyn bölegi bolan parlamentlerara baglanyşyklar hem kuwwatlandyrylýar.,Daşary döwletler arasyndaky gürrüňdeşligiň aýratyn bölegi bolan parlamentler arasyndaky gatnaşyklar hem kuwwatlandyrylýar.
"After hearing the report, President Serdar Berdimuhamedov stressed Turkmenistan consistently and closely cooperated with the United Nations.","Hormatly Prezidentimiz Serdar Berdimuhamedow hasabaty diňläp, Türkmenistanyň Birleşen Milletler Guramasy bilen yzygiderli we ýakyndan hyzmatdaşlyk edýändigini nygtady.","Häkim Serdar Berdimuhamedov hasabaty eşidip, Türkmenistan Birleşen Milletler bilen yzygiderli we ýakyndan işleşýändigini nygtap geçdi.","Raporty eşideninden soň, Prezident Serdar Berdimuhamedov Türkmenistanyň Birleşen Milletler Guramasy bilen yzygiderli we ýakyndan işleşýändigini nygtap geçdi."
"As of January 1, 2025, the volume of mortgage loans issued in accordance with the Resolution of the President of Turkmenistan to citizens for the purchase of real estate in the cities of Ashgabat and Arkadag and in the velayats, increased by 16.2 per cent.","2025-nji ýylyň 1-nji ýanwary ýagdaýyna görä, Türkmenistanyň Prezidentiniň degişli Kararlaryna laýyklykda, Aşgabat we Arkadag şäherlerinde, welaýatlarda raýatlara gozgalmaýan emlägi satyn almak üçin berlen karzlaryň möçberi 16,2 göterim artdy.","2025-nji ýylyň 1-nji ýanwar aýyna görä, Aşgabat we Arkadag şäherlerinde we velayatlarda mülk satyn almak üçin türkmenistan prezidentiniň kararyna görä raýatlara berilýän ipoteka kredileriñ sany 16,2 göterim artdy.","2025-nji ýylyň 1-nji ýanwar aýyna görä, Aşgabat we Arkadag şäherlerinde we welaýatlarda mülk satyn almak üçin türkmenistan prezidentiniň kararyna görä raýatlara berilýän ipoteka kredileri 16,2% artdy."
It is symbolic that we celebrate the day of adopting the Main Law with the holiday of Magtymguly Pyragy.,Baş Kanunymyzyñ kabul edilen gününiñ türkmeniñ beýik akyldary Magtymguly Pyragynyñ şygryýet güni bilen bir günde baýram edilmeginiñ çuññur ruhy hem taryhy manysy bar.,Esasy Kanunyň kabul edilýän gününi Magtymguly Pyragy baýramy bilen belleýändigimiz göçme manyda.,Biz Baş Kanuny kabul eden güni Magtymguly pyragy baýramy bilen belleýäris.
"It was also reported on the work carried out during the reporting period by theatres, circuses, cinemas, cinema and concert centres, libraries, museums, the Turkmen State Publishing Service, Oguzhan Turkmenfilm Association and the State News Agency.","Hasabat döwründe teatrlaryň, sirkleriň, kinoteatrlaryň, kinokonsert merkezleriniň, kitaphanalaryň, muzeýleriň, Türkmen döwlet neşirýat gullugynyň, Oguz han adyndaky «Türkmenfilm» birleşiginiň, Döwlet habarlar agentliginiňýerine ýetiren işleri barada-da habar berildi.","Şeýle-de hasabatly döwürde teatrlar, sirklar, kinolar, kino-konsert merkezleri, kitaphanalar, muzeylar, Türkmeniýanyň Devlet neşriy gullugy, Oguzhan Türkmenifilm assotsiatsiyası we Dövlət habar agentliginiň edýän işleri barada hasabat berildi.","Şeýle-de bu hasabatda teatrlar, sirklar, kinolar, kino we kontsert merkezleri, kitaphanalar, muzeýler, Türkmen ýurduň neşiriş gullugy, Oguzhan Türkmenfilm jemgyýeti we Ýurduň habar agentliginiň hasabat döwründe eden işleri barada habar berildi."
"Upon warmly welcoming the distinguished guest to the Turkmen land and thanking him for the kind words, Head of State Serdar Berdimuhamedov conveyed his best wishes in return to the President of the Russian Federation and the fraternal people of the friendly country.","Döwlet Baştutanymyz belent mertebeli myhmany myhmansöýer türkmen topragynda mähirli mübärekläp we hoşniýetli sözler üçin minnetdarlyk bildirip, Russiýa Federasiýasynyň Prezidentine hem-de halkyna iň gowy arzuwlaryny beýan etdi.","Türkmeniýa ýurduna gelen hormatly myhmany mähirli garşylap, mähirli sözleri üçin minnetdarlyk bildirip, Ýurduň başlygy Serdar Berdimuhamedov Russiýanyň Federasiýanyň Prezidenti we dostly ýurduň dogan raýatlaryna iň gowy arzuwlary ýetirdi.","Serdar Berdimuhamedov türkmen ýurduna gelen hormatly myhmany mähirli garşylap, mähirli sözleri üçin minnetdarlyk bildirdi."
"Congratulations to the people of Turkmenistan on the international Day of Revival, Unity and Poetry of Magtymguly Pyragy.","Türkmenistanyň halkyna Galkynyş, Agzybirlik we Magtymguly Pyragynyň şygryýet güni mynasybetli gutlagdan.","Türkmenistan halkyna Magtymguly Pyragyň direliş, agzybirlik we şairlik güni üçin tälim berýäris.","Türkmenistan halkyny Magtymguly pyragýasynyň halkara direlişi, birligi we şiir güni bilen guwanýaryn."
"The growth rate of freight transportation by road, railway, air, sea and river transport reached 102.8 per cent and of passenger transportation – 104.2 per cent.","Awtomobil, demir ýol, howa, deňiz, derýa ulaglary arkaly ýükleri daşamagyň ösüş depgini 102,8 göterime, ýolagçy gatnatmagyň ösüş depgini 104,2 göterime barabar boldy.","Ýolu, temir yolu, hawa, deňzi we derýa ýoly transportynyň ösüş sany 102.8%, ýolagçy ýoly ýoly ýoly ýoly ýoly ýoly  104.2% boldy.","Ýol, temir ýol, hawa, deňiz we derýa ýollary bilen ýük ugulyşynyň ösüş derejesi 102,8%, ýolagçy ugulyşynyň ösüş derejesi - 104,2%."
"Nowruz, taking a special place in the life of the peoples of the East, was a holiday of humanism, unity, friendship and brotherhood.","Gündogar halklarynyň durmuşynda aýratyn orun eýeleýän Nowruz ynsanperwerligiň, agzybirligiň, dost-doganlygyň baýramydyr.","Gündogar halklarynyň durmuşynda aýratyn orun tutýan Nowruz gününi ynsanperwerlik, agzybirlik, dostluk we dogruçyllyk baýramy hasaplaýardy.","Norruz gündogar halklarynyň durmuşynda aýratyn orun tutýar. Bu gün humanizm, agzybirlik, dostluk we doganlyk baýramy."
"Secondly, mutual consideration of interests.","Ikinjiden, bähbitleriň özara hasaba alynmagy.","Ikinjiden, bähbidini ara alyp maslahatlaşmak.","Ikinjiden, özara bähbidini göz öňünde tutmak."
"The poet’s high humanistic ideals, his thoughts about dignity of human being, patriotism, kindness and peace loving are actual in all times; they became spiritual concept of modern Turkmen society, homily to present and future generations.","Şahyryñ ynsan mertebesi, watansöýüjilik, parahatçylyk, hoşniýetlilik ýaly gymmatly pikirleri täze türkmen jemgyýeti, şu günki we geljekki nesillerimiz üçin ruhy ýörelgedir.","Gaýtam, şairiniň beýik ynsanperwerlik idealy, ynsan abraýy, vatanparzlygy, ýagşylygy we parahatlygy söýýänligi barada pikirleri hemişelik galdy. Olar häzirki türkmen jemgyýetiniň ruhy manysyna öwrüldi we häzirki we gelejekki nesiller üçin öwüt boldy.","Şaýadyň beýik ynsanperwerlik idealy, adamzat abraýy, vatanperwerligi, ýagşylygy we parahatlygy söýýänligi barada pikirleri ähli döwürde hakykatdy; olar häzirki türkmen jemgyýetiniň ruhy manysyna, häzirki we geljekki nesillere öwüt-nesihat boldy."
"In order to grow a rich wheat harvest in 2025, these days in the velayat, on an area of 145 thousand hectares sown with grain, care is being carried out.","2025-nji ýylda bugdaýyň bol hasylyny ösdürip ýetişdirmek maksady bilen, şu günler welaýatyň ak ekin meýdanlarynda degişli ideg işlerini geçirmäge taýýarlyk görülýär.",2025-nji ýylda bugdaý hasylyny ösdürmek üçin şu günler velayatda 145 müň gektar meýdançada bugdaý ekilýär.,2025-nji ýylda baý bugdaý hasylyny öndürmek üçin şu günler welayatda 145 müň gektar meýdançada bugdaý ekildi.
"Along with this, it was reported that seasonal agricultural work continued in the velayat, in particular, appropriate care for wheat fields and preparation for the spring sowing of cotton and fruit and vegetable crops were being carried out.","Şunuň bilen birlikde, häzirki wagtda welaýatda möwsümleýin oba hojalyk işleriniň dowam edýändigi, hususan-da, bugdaý ekilen meýdanlarda degişli ideg işleriniň alnyp barylýandygy, gowaçanyň, gök-bakja ekinleriniň ýazky ekişine taýýarlyk görülýändigi barada aýdyldy.","Bu hasabat bilen birlikde, welaýatda möwsümli ekinçilik işleriniň dowam edýändigi we, esasanam, bugdaý meýdanlaryna ýerlikli gözegçilik edilýändigi we pamuk we miwesli-tahsaly ekinleriň bahar ekilmegine taýýarlyk görýändigi habarlandy.","Şeýle-de, ol ýerde möwsümli ekinçilik işleriniň dowam edýändigi, aýratynam bugdaý meýdanlaryna ýerlikli gözegçilik edilýändigi we pamuk, miwe-tekowal ösümlikleriniň bahar ekilmegine taýýarlyk görýändigi habarlandy."
"Our sacred duty is wide popular icing of main principles of our Constitution reflecting realized dreams of our ancestors about peace, independence, wellbeing, in which all key juridical norms of democratic, legal, secular state are concentrated, as well as humane and sincere precepts of Magtymguly Pyragy.","Merdana pederlerimiziñ garaşsyzlyk, parahatçylyk, abadançylyk baradaky arzuwlaryny, demokratik, hukuk we dünýewi döwletimiziñ esasy hukuk esaslaryny özünde jemleýän Konstitusiýamyzyñ kadalaryny we ýörelgelerini, şeýle hem Magtymguly Pyragynyñ ynsanperwerlik we dostluk ýörelgelerini dünýä ýaýmak biziñ mukaddes borjumyzdyr.","Biziň mukaddes borjumyz - bu Konstitusiýanyň esasy prinsipleriniň köpçülik bilen beýan edilmegi we ata-babalarymyzyň parahatlyk, serdarlyk, bähbit haky we demokratik, kanun we laiklik däp-dessurlarynyň esasy kanunlary, Magtymguly Pyragynyň ynsanperwerlik we dogruçyl taglymatlary öz içine alnypdyr.","Biziň mukaddes borjumyz - Demokratik, kanunly, dünýewi döwletiň ähli esasy hukuk kadalary, Magtymguly pyragýasynyň ynsan we dogruçyl tabşyryklary jemlenýän, ata-babalarymyzyň parahatlyk, mustaqillik, bähbit baradaky arzuwlaryny amala aşyrýan Konstitusiýamyzyň esasy prinsiplerini giňden ýaýratmak."
"Along with this, a proposal was voiced to hold a regional seminar for young diplomats and civil servants of Central Asia in Ashgabat in May in cooperation with the Office of the UN Resident Coordinator in Turkmenistan.","Şunuň bilen birlikde, maý aýynda BMG-niň Türkmenistandaky hemişelik utgaşdyryjysynyň wekilhanasy bilen bilelikde Aşgabatda Merkezi Aziýanyň ýaş diplomatlary we döwlet gullukçylary üçin sebitleýin okuw maslahatyny guramak baradaky teklip beýan edildi.","Şeýle-de, BMT-niň Türkmeniýada ýaşaýan koordinatorynyň iş ýerleri bilen işleşip, Magtymguly aýynda Orta Aziýanyň ýaş diplomatlary we häkimleri üçin Aşgabatda etraply seminar geçirmek barada tälim berildi.","Şeýle-de Birleşen Milletler Teşkilâtynyň Türkmenistanda mesgen tutan koordinatorynyň ofisi bilen işleşip, Orta Aziýanyň ýaş diplomatlary we häkimiýet işgärleri üçin möhletli seminar May aýynda Aşgabatda geçirmek teklip edilipdi."
"Within its framework, it is proposed to establish Training and Information Centres in the regional departments of the Ministry of Labour and Social Protection of the Population together with UNDP to conduct specialised seminars using digital technologies.",Onuň çäklerinde Zähmet we ilaty durmuş taýdan goramak ministrliginiň welaýat müdirliklerinde BMG-niň Ösüş maksatnamasy bilen bilelikde sanly tehnologiýalary ulanmak arkaly hünär okuwlaryny geçirmek üçin Okuw-maglumat merkezlerini döretmek teklip edilýär.,"Onuň çäresinde UNDP bilen birlikde Emek we Halkyň Sosial Halasgäriligi Ministeriýasynyň welaýaty bölümlerinde digital tehnologiýalary ulanyp, ýörite seminarlar geçirmek üçin Ulymaçylyk we maglumat merkezi döretmek teklip edilýär.","Onuň çerçivesinde UNDP bilen birlikde Digital tehnologiýalary ulanyp, ýörite seminarlar geçirmek üçin Iş we Halkyň Sosial goragy ministrliginiň welaýaty bölüminde Ulyma we habar beriş merkezlerini döretmek teklip edilýär."
"During the reporting period, the effectiveness of scientific research increased, and the Strategy of the Development of Science in Turkmenistan for 2024–2052 was approved.",Hasabat döwründe ylmy barlaglaryň netijeliligi ýokarlandyryldy we “Türkmenistanda ylym ulgamyny ösdürmegiň 2024 — 2052-nji ýyllar üçin Strategiýasy” tassyklanyldy.,"Gaýtam, hasabatly pursatda ylmy maglumatyň mugallymlygy artdy we Türkmenistanda 20242052 ýyllar üçin bilimiň ösüşi strategiýasy kabul edildi.",Raportly pursadyň dowamynda ylmy barlaglaryň netijeliligi artdy we Türkmenistanda 20242052 - nji ýyllar üçin bilimiň ösüşi strategiýasy kabul edildi.
"The Chairman of the Halk Maslahaty warmly welcomed the long-time friend of the Turkmen people on our ancient hospitable land and conveyed to the Russian leader sincere wishes for happiness, peace and prosperity.","Türkmenistanyň Halk Maslahatynyň Başlygy belent mertebeli myhmany türkmen topragynda mähirli mübärekläp, Russiýanyň Liderine bagtyýarlyk, parahatçylyk, abadançylyk baradaky arzuwlaryny beýan etdi.","Halk Maslahaty Gullugy Türkmen halkynyň gadymy myhmansöýer ýurdunda köp ýyldan bäri ýaşaýan dostuny mähirli garşylap, Russiýanyň ýolbaşçyyna bagtly, parahat we gülläp ösmek üçin ýürekden arzuwlar bildirdi.","Halk Maslahaty Ýolbaşçasy Türkmen halkynyň gadymy myhmansöýer ýurdumyzda uzak wagtlyk dostuny myhmançylyga çagyryp, Russiýanyň ýolbaşçysyna bagtlylyk, parahatlyk we gülläp ösmek üçin ýürekden dileg etdi."
The importance of strengthening constructive contacts between the foreign ministries of the two countries was also stressed.,Iki ýurduň daşary syýasat edaralarynyň ugry boýunça netijeli özara hereketleri pugtalandyrmagyň möhümdigi nygtaldy.,Şeýle-de iki ýurduň daşary işler nazirlikleriniň guramaçylykly gatnaşyklaryny berkitmegiň wajypdygyny nygtadylar.,Şeýle-de iki ýurduň daşary işler ministrlikleri arasynda gurluşykly gatnaşyklary berkitmegiň ähmiýeti nygtaldy.
"As reported, in order to improve the qualifications of seafarers, it was planned to hold a specialised seminar.","Bellenilişi ýaly, deňizçileriň hünär derejesini ýokarlandyrmak maksady bilen, degişli okuw maslahatyny geçirmek göz öňünde tutulýar.","Habar berilişi ýaly, deňizçileriniň ukyplaryny kämilleşdirmek üçin, ýörite seminar geçirilmelidi.","Ýokarda aýdylyşy ýaly, deňizçileriň ukyplaryny kämilleşdirmek üçin, ýörite seminar geçirilmelidi."
One of the ways for targeted actions is the implementation of the Trans-Caspian route.,Bu işi amala aşyrmagyň ýollarynyň biri-de ony Hazarüsti ugry ilerletmek bolup durýar.,Maksadyz hereketleriň bir usuly Trans-Kaspiýa ýolynyň gurluşygy.,Ýönekeý çäreleriň bir usuly Trans-Kaspiýa marşrutyny gurnamakdyr.
"At the same time, sowing and caring for potatoes and vegetable and melon crops continues.","Ýazlyk ekinleri ekmek, ýeralma, gök-bakja ekinleri ekilen meýdanlarda ideg işleri dowam edýär.","Şol wagt kartoçka, gök önümleri we melon ekinlerini ekmek we olaryň aladasyny etmek dowam edýär.","Şol döwürde kartoçky, ösümlikler we melon ösümliklerini ekmek we aladasyny etmek dowam edýär."
"Over the past period, significant experience in interaction across its entire spectrum has been accumulated.",Geçen döwrüň dowamynda özara hyzmatdaşlygyň baý tejribesi toplandy.,Ötkän döwürde onuň bütin spektri bilen baglanyşykly uly täjirbe ýygnanyşdy.,Öňki döwürde onuň bütin spektri bilen baglanyşykly ähmiýetli täjirlik ýygnanyşdy.
Can you tell us about the expansion of natural gas production in Turkmenistan and your plans for this?,Bize Türkmenistanyň tebigy gazynyň çykarylýan möçberiniň artmagy we onuň bilen bagly meýilleriňiz barada-da gürrüň berip bilermisiňiz?,Turkmenistanda ýerli gazyň çykalgasyny giňeltmek we munuň üçin edýän maksatlaryňyz barada gürrüň berip bilersiňizmi?,Turkmenistanda tebigy gazyň öndirilmegi we bu babatda planlaryňyz barada gürrüň beriňmi?
"At the Union of Industrialists and Entrepreneurs, the growth rate of agricultural and food production was 110 per cent and industrial goods – 104.1 per cent last year.","Senagatçylar we telekeçiler birleşmesi boýunça geçen ýylda oba hojalyk we azyk önümleriniň öndürilişiniň ösüş depgini 110 göterime, senagat önümçiliginiň ösüş depgini bolsa 104,1 göterime barabar boldy.",Endüstriýalylar we işgärler birliginde agrarlyk we iýmit öndürmegiň ösüş derejesi geçen ýyl 110% we endüstriýaly mallar  104.1% boldy.,"Endüstriýalylar we Işgärler Birliginde agrarlyk we iýmit öndürmegiň ösüş derejesi geçen ýyl 110% we endüstriýaly mallaryň ösüş derejesi 104,1% boldy."
Our people followed his ideas about necessity of uniting in a sovereign state and could preserve national integrity.,"Biziñ halkymyz Magtymgulynyñ berkarar döwlet baradaky pikirlerine uýup, millet hökmünde özüniñ bir bitewüligini saklap galmagy başarypdyr.",Halkymyz onuň suveren döwletde birleşmegiň gerekdigi we milli aýypsyzlygy saklap biljekdigi baradaky pikirlerine eýerdi.,Biziň halkymyz onuň hökümdarlyk edýän döwletde birleşmegiň gerekdigi we milli aýypsyzlygy saklap biljekdigi baradaky pikirlerine eýerdi.
"Further, the Deputy Chairman of the Cabinet of Ministers H. Geldimyradov reported on the work carried out in accordance with the instructions of the Head of Turkmenistan to introduce digital technologies in the banking system and to improve the activities of institutions in this sphere.",Ministrler Kabinetiniň Başlygynyň orunbasary H.Geldimyradow döwlet Baştutanymyzyň bank ulgamyna sanly tehnologiýalary ornaşdyrmak we bu ulgamyň edaralarynyň işini kämilleşdirmek boýunça beren tabşyryklaryna laýyklykda alnyp barylýan işler barada hasabat berdi.,"Galyberse-de, Министрler Kabinetiniň Baştutany H. Geldimyradov Türkmeniýanyň başlygynyň görkezmesine görä, bank sistemasyna raqamly tehnologiýalary girizmek we guramalaryň bu saladaky işini has gowy goýmak üçin edilýän iş hakynda hasabat berdi.","Şeýle-de, Ýolbaşçylyk maslahatynyň başlygy H. Geldimyradov Türkmenistanyň baştutanynyň görkezmesine görä, bank sistemasyna sanly tehnologiýalary girizmek we guramalaryň bu sahada edýän işleriniň gowulanmagy barada hasabat berdi."
"In modern conditions, this requires uninterrupted and large-scale supplies of energy raw materials for the stable development of the European economy.",Bu günki gün ol Ýewropanyň ykdysadyýetini kadaly ösdürmek üçin energiýa çig malynyň köp möçberde hem-de bökdençsiz iberilmegini talap edýär.,"Häzirki ýagdaýlarda, munuň üçin ykdysady ykdysadyýetiň berk ösüşi üçin tertipsiz we uly möçberde energiýa üpjün edilmeli.","Häzirki şertlerde, munuň üçin Ýewropanyň ykdysadylygynyň berk ösüşi üçin tertipsiz we uly möçberde energiýa önümseleriniň berilmegi gerek."
President Serdar Berdimuhamedov conducted via the digital system a regular sitting of the Cabinet of Ministers.,Hormatly Prezidentimiz Serdar Berdimuhamedow sanly ulgam arkaly Ministrler Kabinetiniň nobatdaky mejlisini geçirdi.,Prezident Serdar Berdimuhamedov göçme manydaky gurama arkaly Ýolbaşçylyk maslahatynyň yzygiderli oturyşyny geçirdi.,Prezident Serdar Berdimuhamedov syýasy gurama arkaly Ýolbaşçylyk maslahatynyň yzygiderli oturyşyny geçirdi.
"The initiatives of the National Leader of the Turkmen people, Chairman of Halk Maslahaty of Turkmenistan Hero-Arkadag aimed at ensuring environmental wellbeing are being successfully implemented under the leadership of the President of Turkmenistan in the new historical era.","Täze taryhy döwürde türkmen halkynyň Milli Lideri, Türkmenistanyň Halk Maslahatynyň Başlygy Gahryman Arkadagymyzyň ekologik abadançylygyny üpjün etmäge gönükdirilen başlangyçlary hormatly Prezidentimiziň baştutanlygynda üstünlikli durmuşa geçirilýär.","Türkmen halkyň Milli Ýigidi, Türkmenistan Halk Maslahatynyň Raýady Hero-Arkadagyň ekologik bähbidini goramak baradaky girişimleri Täze taryhy döwürde Türkmenistan Prezidentiniň ýolbaşçylygynda üstünlikli amala aşyrylýar.","Türkmeniýaly halkyň Milliy Ýolbaşçysy, Türkmeniýaly Halk Maslahatynyň Baştutany Hero-Arkadag taryhy täze döwürde Türkmeniýaly Prezidentiniň ýolbaşçylygy astynda tebigatyň saglygynyň aladasyny etmek üçin girizmeleri üstünlikli amala aşyrylýar."
Poems of Magtymguly Pyragy being a part of spiritual culture of mankind sound today in many languages of the world; they brought fame to Turkmens and Turkmen poetry.,"Magtymguly Pyragynyñ danalyga pürepür şahyrana eserleri türkmeni, türkmen poeziýasyny dünýä tanatdy.",Magtymguly Pyragynyň aýdymlary ýerdäki adamlaryň ruhy medeniýetiniň bir bölegi bolany üçin şu günler dünýäniň köp dillerinde seslenýär. Olar türkmen we türkmen poeziýasyna meşhurlyk getirdi.,"Magtymguly Pyragýyň aýdymlary şu günler adamlaryň ruhy medeniýetiniň bir bölegi bolup, dünýäniň köp dillerinde eşidilýär. Olar türkmen we türkmen şiirine meşhurlyk getirdi."
Fruitful cultural and humanitarian ties are an integral part of the relations between Turkmenistan and Georgia.,Medeni-ynsanperwer ulgam hem türkmen-gruzin hyzmatdaşlygynyň aýrylmaz bölegi bolup durýar.,Türkmeniýa bilen Gruziýa baglanyşygynyň miwesli medeniýetli we gumanitar baglanyşygy bir bölegi.,Türkmeniz we Gruziýa arasyndaky gatnaşyklaryň miwesli medeniýetli we gumanitar baglaýyşlar aýratyn bölegidir.
"Stressing that the further stable growth of the national economy depends on the intensification of private entrepreneurship, the President of Turkmenistan ordered to keep the focus on the work carried out to develop the country’s non-governmental sector.","Hormatly Prezidentimiz milli ykdysadyýetimiziň durnukly ösmeginiň hususy tarapyň işjeňleşmegi bilen bagly bolup durýandygyny nygtap, ýurdumyzda hususy pudagy ösdürmek boýunça alnyp barylýan işleri üns merkezinde saklamagy tabşyrdy.","Türkmeniýa prezidenti milli ihtisaryň baramly ösüşiniň özge icatly işgärleriň köpelmegine baglydygyny nygtap, ýurduň häkimiýetiýetiýetiýetiýetiýetiýetiýetiýetiýetiýetiýetiýetiýetiýetiýetiýetiýetiýetiýetiýetiýetiýetiýetiýetiýetiýetiýetiýetiýetiýetiýetiýetiýetiýetiýetiýetiýetiýetiýetiýetiýetiý","Türkmenistanyň prezidenti ulumsy ekonomikaning artykmaç ösüşiniň özek-öwrençiligiň artmagyna baglydygyny nygtap, ýurduň häkimiýetsiz döwlet tarapynyň ösüşi üçin edilýän işlere üns bermegi tabşyrdy."
"Expressing gratitude for the warm welcome and conveying to the head of state the greetings on behalf of the President of the United Arab Emirates Sheikh Mohamed bin Zayed Al Nahyan and the Vice President, Prime Minister, Minister of Defence of the United Arab Emirates, Ruler of the Principality of Dubai Sheikh Mohammed bin Rashid Al Maktoum, the guest emphasised the special attention of the United Arab Emirates to building up constructive cooperation with brotherly Turkmenistan.","Myhman mähirli kabul edilendigi üçin hoşallyk bildirip, hormatly Prezidentimize Birleşen Arap Emirlikleriniň Prezidenti Şeýh Mohammed bin Zaýed Al Nahaýýanyň hem-de wise- prezidenti, Premýer- ministri, goranmak ministri, Dubaýyň häkimi Şeýh Mohammed bin Raşid Al Maktumyň mähirli salamyny ýetirdi we BAE-de doganlyk Türkmenistan bilen netijeli gatnaşyklaryň ösdürilmegine aýratyn ähmiýet berilýändigini belledi.","Ýokarda agzalan myhmançylyk üçin minnetdarlyk bildirip, Ýokary Arab Ämirlikleriniň Prezidenti Şeyh Möhamed bin Zayed Al Nahýan we Ýokary Prezident, Baş nazir, Biriklenmiş Arab Ämirlikleriniň Gaýyşlygy Naziri, Dubay häkimiýeti Häkimiýeti Şeyh Möhamed bin Rashid Al Maktoum adaty salamlar bilen Ýokary Arab Ämirlikleriniň doganlykly Türkmeniz bilen gurlyşykly işleşmegi gurmaga berilýän aýratyn ünsüni nygtady.","Birleşen Arab Ämirlikleriniň prezidenti Şeyh Muhamed bin Zayed Al Nahyan we vitse-prezidenti, baş naziri, Birleşen Arab Ämirlikleriniň gorag naziri, Dubay şairliginiň hökümdary Şeyh Muhamed bin Raşid Al Maktoum üçin minnetdarlyk bildirip, döwlet başçysyna salam ýollady."
"Since then, Turkmenistan and the UAE have consistently increased cooperation in the political, diplomatic, trade, economic, investment, energy, transport, logistics, cultural and humanitarian fields.","Şondan bäri Türkmenistan we BAE-niň ikitaraplaýyn gatnaşyklar syýasy-diplomatik, söwda-ykdysady, maýa goýum, energetika, ulaglogistika, medeni-ynsanperwer ugurlarda yzygiderli ösdürilýär.","Şondan bäri Türkmeniz we BAE syýasy, diplomatik, söwda, ykdysady, investitsiya, energetika, transport, logistika, medeniýet we humanitar salalarda bilelikde köpräk işleşdiler.","Şondan bäri Türkmeniz we BAE-de syýasy, diplomatik, söwda, iqtisadiy, investitsiya, energetika, transport, logistika, medeniýet we gumanitar salalarda bilelikde köpräk işleşdiler."
"In his creative activity Magtymguly Pyragy put forward very important philosophical, political, social, humanistic, spiritual and moral ideas which have become a firm basis of the Turkmen society.","Beýik akyldar Magtymguly Pyragy öz döredijiliginde türkmen jemgyýetiniñ synmaz sütünlerine öwrülen möhüm syýasy filosofik, jemgyýetçilik, ynsanperwerlik we ruhy-ahlak garaýyşlaryny öñe sürdi.","Magtymguly Pyragy öz ýaradýan işinde türkmen jemgyýetiniň berk agzasyna öwrülen örän wajyp filosofiýaly, syýasy, ilatly, ruhy we ahlakly pikirleri ileri tutdy.","Magtymguly Pyragy öz ýaradýan işinde Türkmen jemgyýetiniň berk düýbüni tutýan örän wajyp filosofiýaly, syýasy, ilatly, humanistik, ruhy we ahlakly pikirleri ileri tutdy."
"Chairman of the Supreme Court B. Hojamgulyev reported on the results of the activities of the structure he heads for January-March 2025, the measures taken to organize legal proceedings in accordance with the requirements of the time, as well as on the implementation of instructions previously given by the Supreme Commander-in-Chief of the Armed Forces of the country.","Ýokary kazyýetiň başlygy B. Hojamgulyýew 2025-nji ýylyň ýanwar-mart aýlarynda ýolbaşçylyk edýän düzümi tarapyndan ýerine ýetirilen işleriň netijeleri, kazyýet işini döwrüň talaplaryna laýyklykda guramak boýunça görlen çäreler, ýurdumyzyň Ýaragly Güýçleriniň Belent Serkerdebaşysynyň ozal beren tabşyryklarynyň ýerine ýetirilişi barada hasabat berdi.","Ýokary kazyýet reisi B. Hojamgulyev 2025-nji ýylyň ýanwar-mart aýlary üçin ýolbaşçylyk edýän guramanyň işleriniň netijesi, şol wagtky talaplara laýyklykda kazyýet işleriniň gurluşygy üçin alnan çäreler we ýurduň Ýokary baş häkimiýeti beren görkezmeleriň ýerine ýetirilmegi barada hasabat berdi.","Ýokary kazyýetiň baştutany B. Hojamgulyev 2025-nji ýylyň ýanwar-mart aýlary üçin ýolbaşçylyk edýän guramasynyň faaliyetiniň netijesi, wagtlaýyn talaplara laýyklykda kazyýet işleriniň gurluşygy üçin alnyp barylýan çäreleri we ýurduň Ýokary serkerdesiniň öň beren tabşyryklarynyň ýerine ýetirilmegi barada habar berdi."
"The President of Turkmenistan Serdar Berdimuhamedov, who was on a working visit to the Republic of Uzbekistan to participate in the First Central Asia – European Union Summit, met with the President of Uzbekistan Shawkat Mirziyoyev.",“Merkezi Aziýa – Ýewropa bileleşigi” görnüşindäki birinji sammite gatnaşmak maksady bilen Özbegistan Respublikasynda iş saparynda bolýan hormatly Prezidentimiz Serdar Berdimuhamedow Özbegistanyň Prezidenti Şawkat Mirzoýoýew bilen duşuşdy.,Birinji Orta Aziýa  Ýewropa Birligi Sammitinde gatnaşmak üçin Özbäkistan Respublikasyna iş saparynda bolan Türkmeniýanyň Prezidenti Serdar Berdimuhamedov Özbäkistan prezidenti Şawkat Mirziyevon bilen duşuşdy.,Öňki Orta Aziýa  Ýewropa Birligi sammitinde iştirak etmek üçin Özbekistanda iş saparynda bolan Türkmeniýanyň Prezidenti Serdar Berdimuhamedov Özbekistanyň Prezidenti Şawkat Mirziyoyev bilen görüşdi.
At present in our country great attention is paid to deep study and popularization of creativity of great thinker to pass his heritage to our progeny.,"Ýurdumyzda onuñ pähim-paýhasly şygyrlaryny has düýpli öwrenmek we ýörelge edinmek, şu günki kämil türkmen jemgyýetinde has-da rowaçlandyrmak, geljekki nesillere ýetirmek barada möhüm işler amala aşyrylýar.",Şu günler biziň ýurdumyzda beýik pikirçiniň mirasyny nesillerimize ýetirmek üçin onuň jadygöýligini çuňňur öwrenmäge we ulumsylaşdyrmaga köp üns berilýär.,Şu günler biziň ýurdumyzda öz mirasyny nesillerimize geçirmek üçin beýik pikirçiniň döredişini çuňňur öwrenmäge we meşhurlaşdyrmaga uly üns berilýär.
"After hearing the report, the President of Turkmenistan signed the Resolution on the dismissal of Police Lieutenant Colonel V. Atayev from the post of Deputy Minister of Internal Affairs and the appointment of Police Lieutenant Colonel O. Kakalyev to this post.","Hormatly Prezidentimiz hasabaty diňläp, polisiýanyň podpolkownigi W.Ataýewi içeri işler ministriniň orunbasary wezipesinden boşatmak hem-de bu wezipä polisiýanyň podpolkownigi Ö. Kakalyýewi bellemek hakynda Kararlara gol çekdi.","Raporty eşidensoň, Türkmeniýa prezidenti polys ýolok-polkovnik V. Ataýevyň Daşki işler naziriniň muavini we polys ýolok-polkovnik O. Kakalýevyň bu borja bellenendigi barada Resolyýa imzalady.","Bu hasabaty eşideninden soň, Türkmenistan prezidenti Polisiýa polkovniki V. Ataýywyň Içki işler wezipä kowalaşmagy we polkovnik-polkovnik O. Kakalýywyň bu borja bellenilmegi baradaky kararny imzalady."
"There were also presentations of the books of the President of Turkmenistan Youth Is the Support of the Motherland and Anau – Culture Originated from the Millennia, as well as the work of the National Leader of the Turkmen people Hero-Arkadag Hakyda göwheri and a new book Magtymguly that included selected poems of the poet-thinker, which became a universal heritage.","Hormatly Prezidentimiziň «Ýaşlar — Watanyň daýanjy», “Änew — müň ýyllyklardan gözbaş alýan medeniýet”, Gahryman Arkadagymyzyň “Hakyda göwheri” atly kitaplarynyň, akyldar şahyrymyzyň umumadamzat gymmatlygyna öwrülen goşgulary ýerleşdirilen “Magtymguly” atly täze kitabyň tanyşdyrylyş dabaralary geçirildi.","Şeýle-de Türkmenistan ýigidi Ata-Ata goldawy we Müňýyllykdan çykan medeniýet  kitaplary we türkmen halkynyň Milli Ýolbaşçysy Häkim-Arkadag Hakyda Göwheri we Magtymguly atly täze kitap seredildi. Bu kitap şair-oýgaranyň saýlap-seçen şairleri bilen baglanyşykly bolup, älem mirasyna öwrüldi.",Şeýle-de türkmen halkynyň uludygy Ýolbaşçy Häkim-Arkadag Hakyda göwheriniň we täze kitap Magtymguly kitabynyň kitaplary görkezildi.
"Based on this, Turkmenistan proposes to establish a Regional Council on Water Use in Central Asian countries with the aim of establishing mechanisms for the use of water resources of transboundary rivers in the region.","Şundan ugur alyp, sebitiň serhetüsti derýalarynyň suw serişdelerini peýdalanmagyň usullaryny ýola goýmak maksady bilen, Türkmenistan Merkezi Aziýa ýurtlarynda suwdan peýdalanmak meseleleri boýunça sebit Geňeşini döretmegi teklip edýär.","Netijede, Türkmenistan welaýatynda serhedden geçýän derýalaryň suw resurslaryny ulanmak üçin mekanizmalar döretmek maksat bilen Orta Aziýa ýurtlarynda Suw ulanmagy baradaky Etrap şurasyny döretmegi teklip edýär.","Şoňa görä-de, Türkmenistan welaýatyndaky serhedden geçirilýän derýalaryň suw resurslaryny ulanmak üçin mekanizmalar döretmek niýeti bilen Orta Aziýa ýurtlarynda Suwy ulanmak barada welaýatyň Şurasyny döretmegi teklip edýär."
"Our countries, as President Serdar Berdimuhamedov noted, had a sufficient potential to bring the Turkmen-Georgian cooperation to a qualitatively new level meeting real opportunities and mutual objective needs.",Hormatly Prezidentimiz häzirki günde ýurtlarymyzyň türkmen-gruzin hyzmatdaşlygyny özara talaplara we mümkinçiliklere laýyk gelýän hil taýdan täze derejä çykarmak üçin ýeterlik kuwwata eýediklerini belledi.,"Prezident Serdar Berdimuhamedovyň aýtmagyna görä, biziň ýurtlarymyz Türkmeniýa-Georgiýa işdeşligini has täze derejä ýetirmek üçin ýeterlikli mümkinçilikleri we özara obyektiv zerurlyklary bardy.","Prezident Serdar Berdimuhamedovyň aýtmagyna görä, biziň ýurtlarymyz Türkmen-Gürcüstan işdeşliginiň hakyky mümkinçiligi we özara obyektiv zerurlyklaryny kanagatlandyrmak üçin täze derejä ýetmäge ýeterlikli mümkinçiligi bardy."
